name,overview,appearance,taste,nutritional_value,growing_conditions,cultivation,availability,culinary_uses,interesting_facts,shelf_life,allergies,fun_trivia
Anise Hyssop,"Anise Hyssop is a perennial herbaceous plant native to North America, belonging to the mint family (Lamiaceae). It is notable for its aromatic leaves and spikes of lavender-blue flowers that bloom from mid-summer to early fall. These flowers are attractive to pollinators such as bees, butterflies, and hummingbirds.","Anise hyssop features tall spikes of purple flowers that are visually striking. The plant has aromatic, green leaves that are often ovate or lance-shaped. The flowers are small and tubular, arranged in dense clusters on elongated spikes.","The leaves and flowers of anise hyssop have a sweet, licorice-like flavor. This distinctive taste makes it a popular addition to teas, salads, and desserts.","Anise hyssop contains vitamin C, calcium, and iron. It also has notable anti-bacterial and anti- inflammatory properties, which can help fight off respiratory infections and bronchitis.","Anise hyssop prefers full sun to partial shade and requires moderate watering. Once established, it can tolerate drought conditions. It thrives in well-drained, moderately fertile soil.","To cultivate anise hyssop, plant it in a location that receives ample sunlight. It should be watered moderately, with the ability to withstand periods of drought. The soil should be well- drained and moderately fertile. Regular pruning can help maintain its shape and encourage healthy growth.",Anise hyssop is typically available from mid-summer to early fall when it is in bloom. It is commonly grown in North America.,"The edible leaves and flowers of anise hyssop are used to flavor a variety of foods and beverages. They can be added to teas, salads, and desserts for a sweet, licorice-like taste.",,"Dried anise hyssop can be stored in an airtight jar for up to a year. When kept in a dark, airtight container, a few ounces of dried hyssop can retain its quality for several months.","There are no widely recognized allergies or sensitivities specifically associated with anise hyssop. However, individuals with allergies to other members of the mint family might exercise caution.","Anise hyssop has been used traditionally by Indigenous peoples of North America for its medicinal properties, including as a remedy for respiratory ailments. Its sweet, licorice-like flavor has also made it a favorite among herbalists and chefs."
Apple,"Apples are among the most widely cultivated and consumed fruits globally. They belong to the Rosaceae family, which includes pears, peaches, and plums. Known for their sweet or tart flavor, crisp texture, and versatile use in cooking, apples come in various sizes, colors, and shapes. They can be red, green, yellow, or a combination of these colors.","Apples vary widely in size and shape depending on the variety. They can be round or slightly elongated and exhibit a range of colors including red, green, yellow, or multicolored. Their skin is typically smooth and can have varying degrees of glossiness.","Apples can have a wide range of flavors from very sweet to tart, depending on the variety. Some common taste profiles include honeyed sweetness, tangy sharpness, or a balanced combination. The texture is typically crisp and juicy.","Apples are rich in dietary fiber, which promotes healthy digestion and helps regulate blood sugar levels. They also contain vitamins (such as Vitamin C) and various antioxidants, contributing to overall health.",,"Apple trees are typically planted in the spring or fall. They need ample sunlight and well-drained soil to grow effectively. Regular watering is important, especially during dry periods. Apple trees are usually pruned to maintain shape and improve fruit quality. Harvesting occurs from late summer through fall, depending on the variety and local climate.","Apples are available from late summer through fall. They are commonly grown in temperate regions around the world, including the United States, Europe, and parts of Asia.","Apples are highly versatile in the kitchen. They can be used in baking (such as pies and tarts), cooking (in savory dishes), and for making cider. They are also commonly eaten fresh as a snack or added to salads.","Apples have been cultivated for thousands of years and hold significant cultural and historical importance. They are often associated with symbolism in various myths and legends, including the biblical story of Adam and Eve.","At room temperature, apples typically last about 1-2 weeks. To extend their freshness, store apples in the crisper drawer of the refrigerator, where they can last up to 4 weeks.","Some individuals may have allergies to apples, often related to oral allergy syndrome (OAS) where the body reacts to certain proteins in apples that are similar to pollen proteins.","There are over 7,500 varieties of apples grown around the world, each with its own unique flavor and texture. The most popular apple varieties include Fuji, Gala, Granny Smith, and Red"
Beach Plum,"Beach plums are a hardy fruit-bearing shrub native to the coastal regions of the northeastern United States. Known for their resilience and adaptability, these shrubs produce small, tart fruits that vary in color from red to purple, blue, or nearly black when ripe. Beach plums are valued both for their unique flavor and their role in coastal restoration projects.","Beach plum shrubs typically grow between 3 to 6 feet tall but can reach up to 10 feet under favorable conditions. They have a dense, bushy growth habit with multiple stems. The fruit is small, approximately the size of a cherry, and changes color from green to red, purple, blue, or nearly black as it ripens.","The flavor of beach plums is tart and somewhat astringent, often compared to that of wild plums. This distinctive taste makes them suitable for various culinary uses.","Beach plums are a good source of vitamins A and C, antioxidants, and dietary fiber. These nutrients contribute to their health benefits, including supporting immune function and digestive health.","Beach plums thrive in sandy, well-drained soils and are commonly found in coastal dunes, sandy beaches, and scrublands. They are drought-tolerant once established and require minimal watering. They are well-suited to coastal environments and can help stabilize sand dunes and prevent erosion.",,,,,,,
Thornless Blackberry,"Thornless blackberries are a cultivated variant of the traditional blackberry, known for their convenience and ease of handling due to the absence of sharp thorns. They grow on trailing or erect canes and produce clusters of dark, juicy, and sweet berries. These blackberries ripen in mid to late summer.","Thornless blackberry plants can grow on trailing or erect canes, which are free of the sharp thorns found on wild blackberry bushes. The berries are dark, juicy, and sweet, and they appear in clusters.","The flavor of thornless blackberries ranges from sweet and tangy to sour or bitter, depending on their ripeness. They are known for their juicy, rich taste, making them versatile for various culinary uses.","Thornless blackberries are rich in vitamins, antioxidants, and dietary fiber. They provide important nutrients such as Vitamin C, Vitamin K, and manganese, and are beneficial for overall health.","Thornless blackberries thrive in well-drained, fertile soils with a pH range of 5.5 to 7.0 (neutral to slightly acidic). They require regular watering, especially during dry periods, to maintain consistent moisture and support healthy growth.",Thornless blackberry plants should be pruned in late winter or early spring. This involves removing dead or diseased canes and thinning out crowded growth to improve air circulation and sunlight penetration. This practice helps ensure healthy growth and fruit production.,Thornless blackberries are typically available from mid to late summer when they are in season.,"Thornless blackberries are highly versatile. They can be eaten fresh, used in baking, made into jams and jellies, or frozen for later use. Their rich flavor makes them a popular choice for a variety of recipes.",,"Thornless blackberries should be stored in the refrigerator, ideally in a crisper drawer with good air circulation. They will last for 3-5 days under these conditions. If not stored properly, they can rot more quickly.","There are no widely recognized allergies specific to thornless blackberries. However, individuals with berry allergies should exercise caution.","The absence of thorns in thornless blackberries not only makes them easier to handle but also represents a significant advancement in berry cultivation, reflecting the ongoing efforts to improve gardening practices and fruit quality."
Black Chokeberry,"Black chokeberries, or aronia berries, are deciduous shrubs native to North America. They are recognized for their hardy nature, attractive foliage, and nutrient-rich berries. These shrubs grow as multi-stemmed plants, reaching heights of 3 to 6 feet, and are noted for their vibrant fall colors.","Black chokeberry shrubs have glossy green leaves that turn vibrant red and orange in the fall. The berries are small, black, and glossy, maturing from late August through October. The shrubs present a dense and bushy appearance.",The berries have a distinctive astringent taste that can be quite tart when eaten raw. This tartness makes them less pleasant to eat fresh but well-suited for processed products.,"Black chokeberries are rich in vitamins C and K, dietary fiber, and antioxidants, particularly anthocyanins, which contribute to their deep color and health benefits. These nutrients support overall health and well-being.",,Black chokeberries should be planted in well-drained soil with a pH ranging from acidic to neutral. They need regular watering but can tolerate drought once established. Pruning may be done to maintain shape and promote healthy growth.,"Black chokeberries ripen from late August through October, with their peak availability during the fall.","Due to their tartness, black chokeberries are often used in processed forms such as juices, jams, jellies, wines, and baked goods. They can also be dried for use in teas and as a supplement.","Native American tribes historically used black chokeberries both as a medicinal remedy and as a food source, often drying them to use during winter months. Their rich antioxidant content and deep color have long been valued in traditional practices.","Black chokeberries can last about a week when refrigerated. For longer storage, they can be frozen or dried.","There are no widely recognized allergies specific to black chokeberries. However, individuals with sensitivities to other berries should proceed with caution.","The deep color of black chokeberries is due to high levels of anthocyanins, which are powerful antioxidants. These compounds are also responsible for the vibrant hues found in other fruits like blueberries and cherries."
Black Raspberry,"Black raspberries are a species of berry native to North America, distinct from blackberries and red raspberries. They are recognized for their unique characteristics, including their arching canes covered with small thorns and their smaller, distinctively textured berries.",Black raspberry plants have arching canes that start green and turn purplish-red as they mature. The berries are black when ripe and have a distinctive hollow core. They are smaller compared to blackberries and have a unique texture.,"The flavor of black raspberries is slightly sweeter and more intense than that of red raspberries, with a mix of tart and sweet notes. This makes them particularly desirable for a variety of culinary uses.","Black raspberries are rich in vitamins C and K, fiber, and antioxidants. Their high antioxidant content contributes to their health benefits, including supporting immune function and overall health.","Black raspberries prefer well-drained, fertile soils with a pH between 5.5 and 6.5 (slightly acidic). They do well in loamy soils and require regular watering, especially during dry periods, to maintain soil moisture. They thrive in full sun.",,,,,,,
Blueberry,"Blueberries are nutrient-rich berries known for their sweet flavor and numerous health benefits. Native to North America, they belong to the Ericaceae family, which also includes cranberries. They are prized for their versatility and health-promoting properties.","Blueberries are small, round berries, typically ranging from 0.2 to 0.6 inches in diameter. They have smooth skin that can vary in color from dark blue to deep purple. Berries are ready to harvest when they are fully blue and should come off the plant easily with a gentle tug.","Blueberries have a sweet flavor with subtle tart notes. Their taste is well-balanced, making them popular for both fresh consumption and in various culinary applications.","Blueberries are rich in fiber, vitamin C, vitamin K, manganese, and potassium. These nutrients support various health functions, including bone health, fluid balance, and overall cellular health. They are also high in antioxidants, which help combat oxidative stress.","Blueberries prefer acidic soils with a pH between 4.5 and 5.5. They thrive in well-drained, sandy, or loamy soils rich in organic matter. Consistent moisture is crucial, especially during the fruiting season, and they do not tolerate waterlogged conditions. Full sun is required for optimal fruit production, so minimizing shade is beneficial.","Blueberries should be planted in acidic, well-drained soil and require consistent moisture. They need full sun for best results and should be monitored for waterlogged conditions. Regular maintenance includes ensuring the soil remains acidic and well-drained.","Blueberries are generally harvested from late spring to late summer, depending on the variety and local climate.","Blueberries can be eaten fresh or added to cereals, salads, and yogurt. They are also used in baking, jams, jellies, and smoothies. Additionally, they can be dried or frozen for later use.",,"When refrigerated properly, blueberries can last up to 10-14 days. It is important to store them in a breathable container to maintain their quality. Over time, they may lose some flavor but will still be usable.","There are no widely recognized allergies specific to blueberries. However, individuals with general fruit allergies or sensitivities should be cautious.","Blueberries are sometimes referred to as ""superfoods"" due to their high levels of antioxidants, which contribute to their health benefits and make them a popular choice for health-conscious consumers."
Bush Cherry,"Bush cherries are low-growing shrubs, valued for their unique tart flavor and attractive appearance. They typically reach heights of 4 to 10 feet, depending on the variety. The plants produce ornamental white or pink blossoms in the spring and are used in various culinary and landscaping applications.",Bush cherry shrubs are low-growing and can reach heights between 4 to 10 feet. They produce small cherries that are generally more tart than sweet cherries. The plants also display attractive white or pink blossoms in the spring.,"Bush cherries are tart and smaller compared to sweet cherries. This tartness makes them ideal for cooking and baking, as well as for use in preserves, syrups, pies, and wines.","Bush cherries contain beneficial plant compounds that support circulation and overall health. They are high in protein, carbohydrates, and fiber. They also contain antioxidants like anthocyanins, which may help prevent cancer and promote heart health, and melatonin, which can reduce inflammation and aid in managing arthritis pain.","Bush cherries thrive in full sun but can tolerate partial shade. They need regular watering, especially during dry periods, though they are relatively drought-tolerant once established. Proper pruning can help maintain the shrub's shape and encourage healthy fruit production.",,"Bush cherries are typically harvested in late summer to early fall, depending on the climate and variety.","Bush cherries can be eaten fresh but are often used in cooking and baking due to their tart flavor. They are popular for making preserves, syrups, pies, and wines. Their attractive flowers also make them a choice for landscaping.","In addition to their culinary uses, bush cherries are valued for their ornamental qualities, with their spring blossoms adding aesthetic value to gardens. They are also known for their health benefits due to their high antioxidant content.",Bush cherries last about 8-9 days in the refrigerator when stored properly.,"There are no widely recognized allergies specific to bush cherries. However, individuals with sensitivities to other fruits or tree nuts should exercise caution.","The combination of tartness and health benefits makes bush cherries a versatile fruit, not only enhancing recipes but also contributing to garden aesthetics."
Clove Currant,"The clove currant is a deciduous shrub native to North America, particularly in the central and western United States. It is notable for its fragrant flowers and edible berries. The shrub is valued both for its ornamental qualities and its culinary uses.","Clove currant shrubs produce yellow, tubular flowers in the spring that emit a clove-like scent, giving the plant its common name. The berries are dark purple to black when ripe, typically in mid-summer, and have a sweet-tart flavor. The shrub itself is bushy and can add aesthetic value to gardens.",,"Clove currants are high in vitamin C, which supports the immune system, skin health, and provides antioxidant protection. Their nutritional profile contributes to their health benefits and makes them a valuable addition to the diet.","Clove currants thrive in well-drained soil and need adequate space for their spread. They can be planted in either spring or fall. Regular watering is essential during the first year to establish the plant, after which it becomes quite drought-tolerant. Full sun is ideal, but they can also tolerate shade.",Clove currants can be propagated through cuttings or by dividing suckers from the base of the plant. Regular monitoring is required to manage pests such as aphids and diseases like powdery mildew. Appropriate treatments can help keep these issues under control.,Clove currants produce berries that are typically ripe in mid-summer.,"The berries can be eaten fresh or used in a variety of culinary applications such as jams, jellies, and pies. Their sweet-tart flavor enhances many recipes.","In addition to their culinary uses, clove currants are valued for their fragrant flowers and attractive foliage. This makes them popular in landscaping and as ornamental shrubs.",Clove currant berries can last up to 7 days in the refrigerator when stored properly.,"There are no widely recognized allergies specific to clove currants. However, individuals with sensitivities to other fruits or plant-based allergens should be cautious.",The clove-like scent of the flowers is a unique feature that distinguishes clove currants from other currant varieties. This aromatic quality contributes to their appeal as ornamental shrubs.
Cherry Red Currant,"Cherry red currants are a type of red currant known for their bright red, tart berries. Part of the gooseberry family (Grossulariaceae), this deciduous shrub is native to parts of Europe but has been widely cultivated in North America and other regions. It is valued for its hardy nature and the tart flavor of its berries.","The shrub produces small, inconspicuous greenish-yellow flowers in clusters known as racemes in the spring. The berries are bright red, translucent, and about the size of a pea, growing in clusters. They have a tart flavor and are visually striking against the green foliage.","Cherry red currants have a tart flavor, which makes them ideal for culinary uses where a tangy note is desired. Their tartness is more pronounced than their sweetness.",,,,,,,,"There are no widely recognized allergies specific to cherry red currants. However, individuals with sensitivities to other fruits or plant-based allergens should exercise caution.","The bright red color of cherry red currants not only makes them a visually appealing fruit but also signifies their high antioxidant content, which contributes to their health benefits."
Elderberry,"Elderberries are small, dark berries from the elder tree, widely known for their use in traditional medicine, culinary applications, and as ornamental plants. The most commonly known species is the European elderberry (Sambucus nigra). Native to Europe, North America, and parts of Asia, elderberries have been used for centuries for their health benefits and versatility.","Elderberry plants produce clusters of small, white or cream-colored flowers, known as elderflowers, that appear in late spring to early summer. The berries are small, dark purple to black, and grow in clusters. They ripen in late summer to early fall.","Elderberries are quite tart and are often sweetened when used in recipes. Their flavor can be strong and distinctive, making them a unique ingredient in various culinary applications.","Elderberries are high in vitamin C, which supports immune health and overall wellness. They also contain antioxidants and other nutrients that contribute to their health benefits.","Elderberries thrive in full sun to partial shade. They are hardy plants that can withstand cold temperatures, making them suitable for a range of climates. They prefer well-drained soil and are relatively low-maintenance.","Elderberries can be grown in various climates and are relatively easy to cultivate. Regular watering helps maintain healthy plants, and they should be planted in well-drained soil. The berries should be harvested when they are fully ripe.",Elderberries are typically harvested in late summer to early fall.,,"Elderberries have been used in traditional medicine for centuries. They are also known for their ornamental value, with elderflowers adding beauty to gardens. However, raw elderberries and other parts of the plant, such as leaves, stems, and roots, contain cyanogenic glycosides, which can be toxic if consumed in large quantities. Cooking or processing the berries effectively removes these toxins.","Fresh elderberries can last up to a week in the refrigerator if stored in an airtight container. Dried elderberries, when stored in a dark, cool place, can last up to a year.","Raw elderberries and other parts of the elder plant contain cyanogenic glycosides and can be toxic if consumed in large amounts. Cooking or processing the berries eliminates these toxins, making them safe to eat. It’s important to handle elderberries properly to avoid potential health risks.","Elderflower champagne is a traditional beverage made from elderflowers, and it has been enjoyed in many European cultures for centuries. The unique flavor and aroma of elderflowers make them a special ingredient in both culinary and beverage applications."
Fig,"Figs are a unique fruit with a rich history of cultivation and use by humans. Belonging to the Moraceae family, which includes other fruits like mulberries, figs are technically syconia—a type of multiple fruit where the flowers and seeds grow together inside a fleshy stem. The common fig is the most widely grown species. Figs are known for their sweet, soft flesh and crunchy seeds.","Figs are pear-shaped and can vary in color from green to yellow, purple, and black when ripe. They typically ripen from July to September. The interior of a fig is filled with tiny, crunchy seeds and a sweet, soft flesh.",,"Figs are a good source of dietary fiber, which aids digestion and helps prevent constipation. They also contain vitamins and minerals, including calcium, potassium, and iron.","Figs thrive in warm, temperate climates and are native to the Mediterranean and western Asia. They can also grow in subtropical regions. Figs require full sun for optimal growth and fruit production and prefer well-drained, loamy soil but are adaptable to various soil types, including sandy and clay soils.","Figs are relatively easy to grow and are adaptable to a range of soil types. They should be planted in a location with full sun and well-drained soil. Regular watering is important, especially during dry periods, but overwatering should be avoided. Pruning may be necessary to maintain the shape and health of the tree.","Figs are typically harvested from July to September, depending on the climate and variety.","Figs can be eaten fresh and are popular in baking (cakes, cookies, breads), cooking (sauces, salads, meats), and making preserves (jams, jellies). They are also used to flavor beverages like teas and wines. Dried figs are a popular snack and ingredient in various dishes.","Figs are not true fruits but syconia, which is a type of multiple fruit. This unique structure contributes to their distinct texture and flavor.","Fresh figs should be kept in the crisper drawer of the refrigerator and can last up to a week. Dried figs have a longer shelf life and can be stored in a cool, dry place for several months.","Figs are generally well-tolerated, but individuals with allergies to latex or other fruits may experience reactions. It’s advisable to consult with a healthcare provider if there are concerns about potential allergies.","Figs have been cultivated since ancient times and were highly prized by ancient civilizations, including the Greeks and Romans. They were also among the first fruits to be domesticated."
Hazelnut,"Hazelnuts are the edible nuts of the hazel tree, valued for their rich flavor and nutritional benefits for thousands of years. They are commonly used in various culinary applications and are key ingredients in products like Nutella. Hazelnut trees or shrubs typically grow to about 10 to 20 feet in height and width, with a multi-stemmed growth habit.","Hazelnut trees have round to oval green leaves with serrated edges that turn yellow in the fall. The nuts are encased in a hard shell surrounded by a husk. When ripe (from late August to October), the husks turn brown, and the nuts fall to the ground.","Hazelnuts can be eaten raw or roasted. Roasting enhances their flavor and makes them crunchier. They have a rich, nutty flavor that is widely appreciated in both sweet and savory dishes.",,,,,,,"Hazelnuts should be stored in a cool, dry place. Fresh, unshelled hazelnuts can last several months, while shelled hazelnuts should be used within a few weeks to maintain their freshness. Roasted hazelnuts can be stored for up to 6 months in an airtight container.",Hazelnuts are tree nuts and can cause allergic reactions in individuals with nut allergies. It is important for those with nut allergies to avoid consuming hazelnuts and products containing them.,"Hazelnuts have been used in traditional medicine for centuries and are believed to have various health benefits. They are also an important crop in several regions, including Turkey, which is the world's largest producer of hazelnuts."
Holly(Yaupon),"Yaupon holly is an evergreen shrub native to the southeastern United States. It is valued for its glossy leaves, red berries, and its historical and cultural significance. It typically grows to about 10-20 feet in height and can spread 8-12 feet wide. The shrub is known for its adaptability and resilience.","Yaupon holly features glossy, dark green leaves and bright red berries. It has a dense, rounded growth habit that can be pruned into various shapes. The plant is evergreen, maintaining its foliage year-round.","The leaves of yaupon holly contain caffeine and were traditionally used to make a caffeinated tea known as ""black drink."" The flavor of yaupon tea is similar to traditional teas but is unique due to its historical preparation methods.","Yaupon holly leaves contain caffeine, making them a natural stimulant similar to tea or coffee. They do not provide significant nutritional value in terms of vitamins or minerals but are noted for their unique caffeine content.",,Yaupon holly is relatively easy to cultivate and can be pruned into various shapes. It requires minimal care once established but can become invasive in some areas due to its spreading nature. Regular maintenance and control measures can help manage its growth and prevent it from becoming invasive.,Yaupon holly is available throughout its native range in the southeastern United States and can be found in nurseries that specialize in native plants.,"The leaves are used to make yaupon tea, which is a native alternative to traditional teas and coffee. Historically, it was used by Native American tribes for ceremonial purposes. Today, it is marketed as a sustainable beverage option.","The berries of yaupon holly are toxic to humans and can cause nausea and vomiting if ingested. However, they are a food source for birds and small mammals. Yaupon tea, also known as ""black drink,"" played a significant role in the rituals of various Native American tribes, including the Cherokee and Creek. The plant can become invasive in some areas, so it’s important to manage its spread carefully.","Fresh yaupon holly leaves should be used promptly to make tea, as they can lose their potency over time. Dried leaves should be stored in an airtight container in a cool, dry place to maintain their quality.","The berries are toxic to humans and should be avoided. Caution should be exercised, especially around children and pets. The leaves contain caffeine, so individuals sensitive to caffeine should be mindful of their consumption.","Yaupon holly is one of the few native North American plants that contain caffeine, making it a unique alternative to traditional tea and coffee. Its historical use as a ceremonial beverage highlights its cultural significance among Native American tribes."
Jostaberry,"Jostaberries are a hybrid fruit developed by crossing black currants and gooseberries. Created in Germany in the 1970s, they aim to combine the best traits of both parent fruits while addressing some of their less desirable aspects. These thornless shrubs grow to 5-6 feet in height and width, and they are known for their productive and resilient nature.","Jostaberries are dark purple to black when fully ripe and are slightly larger than black currants. The plants produce small, greenish-yellow flowers in the spring. The berries ripen in mid- summer, typically in July or August.","Jostaberries have a flavor profile that combines the tartness of black currants with the sweetness of gooseberries. They are less acidic than black currants, making them suitable for fresh eating. Their balanced taste also makes them versatile for various culinary uses.",Jostaberries are rich in vitamin C and antioxidants. They offer health benefits such as boosting the immune system and fighting oxidative stress. Their nutritional profile makes them a healthy addition to the diet.,"Jostaberries thrive in full sun to partial shade and are hardy, adapting well to various climates, including cooler regions. They require regular pruning to maintain their shape and promote healthy growth. Ideal conditions include well-drained soil and regular watering, especially during dry periods.",,,,,"Jostaberries can be stored in the refrigerator for 5-7 days. To extend their shelf life, they can be frozen or processed into preserves.","There are no specific allergies associated with jostaberries; however, individuals with sensitivities to currants or gooseberries should exercise caution.","Jostaberries were developed through a breeding program in Germany, reflecting the country’s long tradition of horticultural innovation and fruit cultivation."
Kiwi (Anna Hardy),"Anna Hardy kiwis, also known as 'Anna,' are a cold-hardy variety of kiwifruit developed to thrive in regions with colder climates where traditional fuzzy kiwifruit cannot survive. They are small, smooth-skinned kiwis with a flavor profile similar to traditional kiwifruit but often considered sweeter and more aromatic.","The fruits are about the size of a large grape and have smooth, edible skin that is green or slightly reddish. They lack the fuzzy exterior typical of larger kiwifruits. The flesh inside is green, juicy, and contains small, edible black seeds.","Anna Hardy kiwis have a sweet, aromatic flavor similar to traditional kiwifruit but are often perceived as sweeter. The juicy flesh and small seeds contribute to their pleasant eating experience.","Anna Hardy kiwis are rich in vitamin C, vitamin K, and fiber. They also provide various essential nutrients and antioxidants that support overall health and wellness.",,,,"Anna Hardy kiwis can be eaten fresh with the skin on, making them a convenient and nutritious snack. They are also suitable for use in salads, desserts, jams, and smoothies. Storage and Shelf Life: Anna Hardy kiwis can be stored in the refrigerator for 5-10 days. To extend their freshness, they should be kept in a cool, dry place and handled gently to avoid bruising.",,"Anna Hardy kiwis can be stored in the refrigerator for 5-10 days. To extend their freshness, they should be kept in a cool, dry place and handled gently to avoid bruising. Interesting Facts: Anna Hardy kiwis are known for their ability to thrive in colder climates, making them a suitable alternative to traditional kiwifruit in regions with harsh winters.The smooth skin of Anna Hardy kiwis eliminates the need to peel them, offering added convenience for consumers.","There are no specific allergies associated with Anna Hardy kiwis; however, individuals with sensitivities to kiwifruit should exercise caution.","Anna Hardy kiwis are part of the hardy kiwifruit varieties developed to extend the cultivation of kiwifruit into regions with colder climates, showcasing innovative horticultural advancements."
Kiwi (Fuzzy),"Fuzzy kiwis are the most common variety of kiwifruit, known for their fuzzy brown skin and bright green, nutrient-rich flesh. These fruits grow on large, deciduous vines that require sturdy support systems like trellises or pergolas.","Oval-shaped, 2-3 inches long, with brown fuzzy skin and vibrant green flesh containing tiny black seeds. The exterior is coarse, while the flesh is soft and juicy.",,"Rich in vitamin C, K, E, and potassium, with high fiber content and antioxidants. Consuming kiwis supports digestion, boosts the immune system, and promotes overall health.","Best grown in temperate climates, with well-drained, slightly acidic soil and full sunlight. Regular watering is important, especially in dry periods, but avoid waterlogging the roots.","Kiwis are dioecious, requiring both male and female plants for pollination. They are grown from seeds or cuttings, and require pruning in winter to promote healthy growth and fruit production. Harvest season is in October or November.","Typically available in October and November, and commonly grown in temperate regions like New Zealand, Italy, and the U.S. (California).","Eaten fresh, sliced, or scooped. Used in fruit salads, smoothies, desserts, jams, jellies, and sauces.","Originally known as Chinese gooseberry, kiwifruit was rebranded after New Zealand’s national bird, the kiwi.",Lasts 5-10 days in the fridge. Store in a cool place to prevent overripening but avoid freezing.,"People allergic to latex may experience reactions like itching, swelling, or digestive discomfort when consuming kiwis.","Kiwifruit seeds are edible and packed with nutrients, though they contribute little to the overall flavor."
Kiwi (Issai),"Issai kiwis are known for their compact size and self-fertile nature, which sets them apart from most other kiwifruit varieties. Unlike others, they do not require a separate male plant for pollination, making them ideal for small gardens or limited spaces. The fruits are small, about the size of large grapes, and have smooth, thin, edible green skin without the fuzzy exterior typical of other kiwifruits.",,"Issai kiwis have a sweet and tangy flavor, similar to larger kiwifruits but considered more aromatic and complex. Their juicy flesh is refreshing, and the skin can be eaten, making them a convenient snack.","Issai kiwis are high in vitamin C, vitamin K, and fiber. They provide a healthy dose of antioxidants and contribute to digestive health and immune system support.","These kiwis thrive in temperate climates and require well-drained soil. Full sun exposure is essential for optimal growth and fruit production. Regular watering is necessary, especially during dry periods, but care should be taken to avoid waterlogging.","Issai kiwis grow on deciduous vines, typically more compact than other hardy kiwifruit varieties, reaching 12-20 feet in length. They require support structures like trellises or arbors to climb. The fruits ripen in late summer to early fall, generally in September and October.","Issai kiwis are available from late summer to early fall, primarily in regions with temperate climates.","Issai kiwis can be eaten fresh, with the skin on, making them a convenient snack. They are also used in salads, desserts, jams, and smoothies.","Issai kiwis do not require a male plant for pollination, making them self-fertile and highly efficient for small-scale gardeners.","After harvest, Issai kiwis can be stored in a cool, dry place and will continue to ripen off the vine. To extend their shelf life, they can be kept in the refrigerator, where they last around 5-10 days.","As with other kiwi varieties, some individuals may experience allergic reactions, particularly those allergic to latex.","Issai kiwis are a favorite among small-space gardeners because of their self-fertile nature, making them an easy-to-grow fruit in home gardens."
Mulberry (Weeping),"Weeping mulberries are known for their cascading, umbrella-like branches, making them a popular ornamental tree. These trees are admired for their graceful appearance, especially their long branches that often reach the ground.",,"Mulberries are sweet and flavorful, with a taste similar to other berries. They are rich in natural sweetness and can serve as a healthier alternative to sugary treats.","Mulberries are packed with vitamin C and iron. They are a nutritious snack, offering antioxidants and contributing to immune health.","Weeping mulberries thrive in full sun to partial shade, needing at least 4- 6 hours of direct sunlight each day. They prefer well-drained soil and require consistent watering, especially during dry periods.","Regular pruning is necessary to maintain the tree's health and shape. Pruning should be done in late winter or early spring, removing any dead or diseased branches. Female trees produce berries, but many ornamental varieties are male and fruitless to reduce maintenance.","Mulberries typically ripen from late spring to mid-summer. Female trees produce fruit, but many ornamental weeping mulberries are male cultivars that do not bear berries.","Mulberries can be eaten fresh or used in place of other berries in recipes. They work well in desserts, jams, smoothies, and as a healthy snack.","Male weeping mulberries are often chosen for ornamental purposes to avoid the cleanup from fallen berries, which can be messy.","Unwashed mulberries should be stored in a covered container in the refrigerator and have a shelf life of 2-3 days. To extend freshness, place them on a paper towel- lined plate and cover with plastic wrap.","Mulberries are generally safe to eat, but care should be taken with unripe berries, which can be mildly toxic if consumed in large quantities.","Weeping mulberries are often grown purely for their decorative value, and their striking form can serve as a natural focal point in gardens and landscapes."
Mulberry (Shangri-La),"Shangri-La mulberries are popular for their large, sweet fruits and hardy nature. This variety produces some of the largest mulberries, valued for both their flavor and suitability for home gardens.",,"The berries are sweet and juicy, ideal for fresh consumption or use in various recipes. Their large size and rich flavor make them a standout among mulberry varieties.","Rich in vitamin C, these berries provide an excellent source of antioxidants and nutrients. Their high vitamin content supports immune health and general well-being.","Shangri-La mulberries are cold-hardy, tolerating temperatures as low as 0°F (-18°C). They require full sun and well-drained soil, and are known for their vigorous growth, making them ideal for a range of climates.","The tree grows vigorously, reaching 20-25 feet with a similar spread. Its spreading nature makes it useful as a shade tree, though it can create a mess with fallen berries. Regular pruning is recommended, especially if the tree is planted near walkways or patios.","The fruits ripen from late spring to early summer, providing a steady supply of large, sweet berries during this time.","Shangri-La mulberries can be eaten fresh, dried, or used in pies, jams, and smoothies. Their large size and sweetness make them versatile for a variety of culinary applications.","While Shangri-La mulberries are cold-hardy and easy to grow, they are best planted away from high-traffic areas due to the mess created by fallen berries.","Mulberries have a short shelf life and should ideally be consumed within 3 days of harvest. Storing them in a cool, dry place or refrigerating them helps extend freshness.","While generally safe to eat, mulberries can cause mild allergic reactions in some individuals, particularly if consumed unripe.","Shangri-La mulberries are one of the largest varieties, making them a favorite for those who enjoy homegrown, fresh fruit with an impressive size and flavor profile."
New Jersey Tea,"New Jersey Tea is a hardy, deciduous shrub native to North America. It is valued for its attractive, fragrant white flowers and its historical use as a tea substitute during the American Revolutionary War.",,"The leaves of New Jersey Tea can be harvested and used to make a caffeine-free tea, which was historically used as an alternative to imported tea. The leaves should not be consumed raw.","While the plant’s leaves are not consumed for nutritional purposes, they were historically brewed into a non-caffeinated tea, making it a popular alternative to traditional tea.","New Jersey Tea prefers full sun to partial shade, blooming more profusely in full sunlight. It is drought-tolerant once established but requires regular watering during its first growing season to develop a deep root system.","Though slow-growing, New Jersey Tea can thrive in various soil conditions. It requires well-drained soil and consistent care in its early stages but becomes a tough, resilient shrub over time. It tolerates drought well once established.","The plant blooms from late spring to early summer, and its leaves can be harvested during this time for tea-making.",The leaves are traditionally dried and brewed into a tea. This was especially popular during the American Revolution when imported tea was scarce. The leaves do not contain caffeine but provide a flavorful herbal tea alternative.,"During the American Revolutionary War, the leaves of New Jersey Tea were used as a substitute for imported tea, giving the plant its name. Despite lacking caffeine, it became a favorite among American colonists.","Once harvested and dried, the leaves can be stored in a cool, dry place for an extended period, similar to other dried herbs or teas.","The leaves should not be eaten raw, and no significant allergies are commonly associated with the plant.","New Jersey Tea was a symbol of patriotism during the Revolutionary War, as it provided a local tea alternative when British imports were unavailable."
Pawpaw,"Pawpaw is a fascinating, native fruit tree from the eastern United States. Known for its tropical-looking leaves and custard-like fruit, pawpaw has gained attention among gardeners and foragers. It bears the largest edible fruit native to North America.",,"The flesh of pawpaw is creamy with a custard-like texture and a flavor that’s often compared to a mix of banana, mango, and melon. It contains several large, dark brown seeds and has a distinctive, tropical taste.","Pawpaw is rich in vitamins A and C, magnesium, potassium, and antioxidants. It’s a nutritious fruit with a variety of health benefits.","Pawpaw trees thrive in moist, well-drained soil and require consistent watering, especially in their early years. They prefer full sun to partial shade and need at least two different trees for proper pollination, as they are not self-pollinating. Hand pollination can help improve fruit set.","Pawpaw trees are not self-pollinating and rely on flies and beetles for pollination. Planting two genetically distinct trees is essential for fruit production. The trees need consistent moisture and regular watering, especially during dry spells. They are relatively low maintenance once established.","Pawpaw fruits ripen between late summer and early fall, typically from September to October, and are best eaten shortly after ripening due to their short shelf life.","Pawpaw can be eaten fresh or used in a variety of recipes like baking, making ice cream, smoothies, and desserts. Its custard-like texture makes it a natural substitute for pudding in many dishes.","Pawpaw fruits were a crucial food source for Native Americans and early European settlers. The wood of the tree was also used to craft tools. Additionally, pawpaw's unique pollination system, relying on flies and beetles, makes hand pollination a common practice among growers.","Pawpaw has a very short shelf life and should be eaten soon after ripening. To extend freshness, it can be refrigerated for a few days or frozen for longer-term storage.","Some people may experience digestive discomfort from pawpaw, but allergies to the fruit are relatively rare.","Pawpaw is the largest edible fruit native to North America, and it’s even celebrated in festivals like the Ohio Pawpaw Festival. It has also been referenced in traditional Appalachian folk songs."
Pear,"Pears are sweet, juicy fruits that have been cultivated for thousands of years. They are popular worldwide and highly valued for their flavor and versatility in cooking and baking, thriving in temperate climates.","Pears typically have a bell shape, though varieties can vary. The skin color ranges from green to yellow, red, or brown, and it can be smooth or slightly grainy. The flesh is soft, juicy, and often grainy in texture.","Pears are sweet, sometimes slightly tart, with a juicy, soft texture when ripe. Their flavor can vary between varieties, some being more delicate and floral while others are rich and spicy.","Pears are high in dietary fiber and provide a good amount of vitamin C and K. They are low in calories, making them a nutritious choice for many diets.","Pear trees thrive in temperate climates, needing cold winters and warm summers. They require 6-8 hours of full sun daily, and most varieties need a chilling period between 32°F and 45°F (0°C to 7°C) during dormancy for proper fruit development.","Pears are harvested when mature but firm, and they ripen off the tree. They are usually picked before fully ripening and left to soften at room temperature. Pear trees need well- drained soil and regular pruning to maintain tree health and fruit production.","Pears are typically harvested in late summer to early fall, depending on the variety, and are available fresh year-round due to global cultivation and storage.","Pears can be eaten fresh, poached, baked, or used in salads, desserts, and savory dishes. Their sweetness pairs well with cheese, nuts, and meats, making them a versatile ingredient in both sweet and savory recipes.","Pears have been cultivated since ancient times, with historical roots in both Europe and Asia. They are one of the few fruits that ripen off the tree, allowing them to be shipped long distances before reaching peak ripeness.","Once ripe, pears should be refrigerated and will last for around 5 days. To speed up ripening, they can be placed in a paper bag at room temperature.","Pears are generally well-tolerated, though some individuals may experience mild oral allergies, particularly if they are sensitive to birch pollen.","Pear trees can live for over 100 years, and there are over 3,000 varieties of pears grown worldwide, each with its own unique flavor and texture."
Pecan,"Pecans are prized for their rich, buttery-flavored nuts and are widely cultivated in USDA Zones 6-9, thriving in areas with warm summers and mild winters. They are a significant agricultural crop in the southern United States, particularly in Georgia, Texas, and New Mexico.","Pecans are smooth brown nuts with an edible kernel resembling a walnut. The tree produces both male and female flowers, but cross-pollination between different varieties is essential for good nut production.","Pecans have a rich, buttery flavor and a slightly sweet, nutty taste. Their texture is crunchy, making them ideal for both sweet and savory dishes.","Pecans are rich in monounsaturated fats, which promote heart health. They are also high in vitamins A, E, B, and a good source of fiber and plant-based protein.","Pecans need full sun, requiring at least 6 hours of direct sunlight per day. They require a long, hot growing season and need regular watering during their early years. In dry climates, mature trees need supplemental watering to ensure proper nut production.","Pecan trees need compatible varieties for cross-pollination to produce nuts. Regular watering and full sun exposure are essential for tree health and nut yield. Pecans are also susceptible to diseases like pecan scab and powdery mildew, which can be managed with fungicides and proper care.","Pecans are harvested in the fall, usually from September to November, and they are available year-round thanks to storage and exports.","Pecans are versatile in the kitchen, commonly used in baking (like pecan pie), snacking, and confections. They are also popular in roasted snacks and savory dishes and can be added to salads or cereals.","The pecan tree is the state tree of Texas, and the U.S. is the world's largest producer of pecans, exporting them globally. Pecans have a rich history in the southern U.S., with cultivation dating back to Native Americans.",Pecans last around 6 months at room temperature and up to 9 months in the refrigerator. Storing them in an airtight container can help extend their shelf life.,"Pecans are a common tree nut allergen, so caution is advised for those with nut allergies.","Pecans were an important food source for Native Americans, and ""pecan"" comes from an Algonquin word meaning ""a nut requiring a stone to crack."""
Persimmon,,,,,,,,,"Persimmons have been cultivated for centuries, particularly in East Asia, where they hold cultural significance. They symbolize longevity and are often used in traditional celebrations. Recently, they are gaining attention in Western culinary scenes for their health benefits and unique flavor.","To maximize shelf life, store persimmons at room temperature until ripe. Once ripe, they can be refrigerated to prolong freshness, ideally consumed within a week. Keep them away from ethylene-producing fruits to prevent premature ripening.","While rare, some individuals may experience allergies to persimmons. Astringent varieties should be fully ripened before consumption to avoid an unpleasant, mouth-drying sensation.","Did you know that persimmons are often referred to as ""the fruit of the gods"" in some cultures?"
Pomegranate,"Pomegranates are vibrant, nutrient-packed fruits known for their sweet, tart flavor and jewel-like seeds called arils. Originating from the Middle East and the Mediterranean region, pomegranates have been cultivated for thousands of years and are revered in various cultures for their health benefits and symbolic meaning.","Pomegranates are round with a tough, leathery skin that can range in color from bright red to deep purple. Inside, they are filled with hundreds of edible seeds surrounded by juicy, red pulp, separated by a white, spongy membrane.","The arils have a sweet-tart flavor, with a juicy burst when bitten into. The seeds inside the arils are crunchy and edible, though some people prefer to discard them.",,"Pomegranates thrive in hot, dry climates and are well-suited to USDA Zones 7-10. They are drought-tolerant once established but need sufficient warmth to produce fruit. Full sun exposure, with at least 6 hours of direct sunlight per day, is essential for flowering and fruiting.","Pomegranates are usually harvested in the fall, between September and November, when the fruit reaches full color and produces a metallic sound when tapped. Proper care and attention to watering are important during the growing season.","Pomegranates are typically available in the fall months, with peak harvest occurring from September to November.","In Middle Eastern and Mediterranean cuisine, pomegranate molasses is a common ingredient in sauces, dressings, and glazes for meats. They can also be eaten fresh, juiced, or used in baking.","The pomegranate appears in many religious texts and traditions, symbolizing prosperity, righteousness, and eternal life in Christianity, Judaism, and Islam.","To maximize shelf life, store pomegranates in a cool, dry place or in the refrigerator. They can last several weeks if stored properly. Once opened, the arils should be consumed within a few days for the best flavor.","While pomegranates are generally safe, some individuals may experience allergies. The seeds can be hard to digest for some, so individuals with digestive issues may want to consume them in moderation.","Pomegranates have been celebrated in art and literature throughout history, often depicted as symbols of abundance and fertility. In some cultures, they are also used in weddings and other celebrations to symbolize good fortune."
Sea Kale,"Sea kale is a perennial vegetable native to the coasts of Europe, particularly the British Isles and northern France. It grows naturally in sandy or gravelly soils along seashores, making it tolerant of salty conditions. Historically, sea kale was a popular vegetable in 19th-century Europe, prized for its tender shoots and leaves. It has recently seen a resurgence in interest among gardeners and food enthusiasts due to its unique flavor and hardy nature.","Sea kale has large, broad, bluish-green leaves that resemble those of regular kale or cabbage. In the spring, it produces thick, tender white shoots that look similar to asparagus. When in bloom, it showcases small, fragrant white flowers in clusters, akin to other plants in the Brassicaceae family, like mustard or cabbage.","The young shoots and leaves have a mild, nutty, and slightly salty flavor, often compared to a cross between asparagus and broccoli. The young leaves can be used in salads, steamed, or cooked like other leafy greens. Older leaves are more fibrous and are typically utilized in soups or stir-fries.","Sea kale is rich in vitamin C, vitamin K, and several B vitamins, contributing to its health benefits and making it a nutritious addition to meals.",,,,,,Sea kale can last a few days in the fridge but is best kept on the plant until ready for use to ensure maximum freshness and flavor.,"While generally safe, individuals with certain allergies to cruciferous vegetables should exercise caution. Always wash the leaves thoroughly before consumption to remove any salt or sand.","Sea kale was once a common vegetable in Victorian gardens and is making a comeback as a gourmet ingredient in modern culinary practices, valued for both its taste and unique growing conditions."
Serviceberry,"Serviceberries are deciduous shrubs or small trees native to North America, prized for their attractive white spring blossoms, edible berries, and vibrant fall foliage. They are popular in ornamental landscaping as well as for their tasty fruit, which resembles blueberries in both appearance and flavor.","The berries of serviceberry are small, round, and turn dark purple or blue when ripe. They grow in clusters and typically ripen in early summer, usually in June, which is how they earned the name ""Juneberry.""","Serviceberries have a sweet flavor similar to blueberries, making them versatile for various culinary applications. Their texture and taste make them suitable for fresh eating, baking, and preserves.","These berries are high in vitamins A and C, as well as iron, manganese, and calcium. Like most berries, serviceberries only last a few days in the refrigerator but can be dried or frozen to extend their shelf life.","Sorrel thrives in cool, temperate climates, typically in USDA Zones 3-7. It is frost-tolerant and prefers slightly acidic soils with a pH of 5.5 to 7.0. While it grows best in full sun, it can also tolerate partial shade, particularly in hotter climates where afternoon shade can help prevent premature flowering.","Serviceberries prefer slightly acidic soils, with a pH of 5.5-7.0. Regular watering during the fruiting period will support better yields, and proper pruning can enhance fruit production and shape.","Serviceberries are generally available in early summer, around June, when the berries are ripe.","Serviceberries can be eaten fresh, used in baking, dried, or made into jams and preserves. Their flavor profile allows them to complement a variety of dishes and desserts.","Serviceberries were historically used by Indigenous peoples for food and medicinal purposes. They are also noted for attracting pollinators, making them beneficial in garden ecosystems.","To maximize freshness, serviceberries should be stored in the refrigerator and consumed within a few days. They can be dried or frozen to prolong their shelf life for future use.","Serviceberries are generally safe to eat, but individuals with allergies to similar berries should approach with caution. Always wash the berries thoroughly before consumption.","The name ""serviceberry"" is thought to derive from the practice of holding funeral services in the spring when the trees were in bloom, as the berries ripen around the same time."
Sorrel,"Sorrel is a hardy, perennial herb known for its tangy, lemony flavor. It is commonly used in culinary applications and has a long history in traditional medicine.","Sorrel plants produce lance-shaped, green leaves that can range from 4 to 10 inches long, depending on the species. The leaves are soft and tender when young but become tougher and more fibrous as they mature.","Sorrel leaves have a bright, tangy flavor, often compared to lemon or green apple, due to their high oxalic acid content. Younger leaves are milder, while older leaves have a sharper taste, making them versatile in various dishes.","Sorrel is high in vitamin C. However, due to its oxalic acid content, consuming large amounts may not be advisable for individuals with kidney problems, as oxalic acid can contribute to the formation of certain types of stones.",,,,,,,,
